sample_num,Sample_ID,Sample_name,Locus,Set,Index,I7_Index_ID,index,I5_Index_ID,index2,PrimerF,PrimerR,file1,file2
1,NGN1166,MiFish-0321-4Pad-Up11-1,MiFish,A,1,UDP0001,GAACTGAGCG,UDP0001,TCGTGGAGCG,GCCGGTAAAACTCGTGCCAGC,CATAGTGGGGTATCTAATCCCAGTTTG,NGN1166_S1_L001_R1_001.fastq,NGN1166_S1_L001_R2_001.fastq
2,NGN1167,MiFish-0321-4Pad-Up5-1,MiFish,A,2,UDP0002,AGGTCAGATA,UDP0002,CTACAAGATA,GCCGGTAAAACTCGTGCCAGC,CATAGTGGGGTATCTAATCCCAGTTTG,NGN1167_S2_L001_R1_001.fastq,NGN1167_S2_L001_R2_001.fastq
3,NGN1168,MiFish-0421-4Pad-Up11-1,MiFish,A,3,UDP0003,CGTCTCATAT,UDP0003,TATAGTAGCT,GCCGGTAAAACTCGTGCCAGC,CATAGTGGGGTATCTAATCCCAGTTTG,NGN1168_S3_L001_R1_001.fastq,NGN1168_S3_L001_R2_001.fastq
4,NGN1169,MiFish-0421-4Pad-Up11-2,MiFish,A,4,UDP0004,ATTCCATAAG,UDP0004,TGCCTGGTGG,GCCGGTAAAACTCGTGCCAGC,CATAGTGGGGTATCTAATCCCAGTTTG,NGN1169_S4_L001_R1_001.fastq,NGN1169_S4_L001_R2_001.fastq
5,NGN1170,MiFish-0421-4Pad-Up5-1,MiFish,A,5,UDP0005,GACGAGATTA,UDP0005,ACATTATCCT,GCCGGTAAAACTCGTGCCAGC,CATAGTGGGGTATCTAATCCCAGTTTG,NGN1170_S5_L001_R1_001.fastq,NGN1170_S5_L001_R2_001.fastq
6,NGN1171,MiFish-0521-4Pad-Up11-3,MiFish,A,6,UDP0006,AACATCGCGC,UDP0006,GTCCACTTGT,GCCGGTAAAACTCGTGCCAGC,CATAGTGGGGTATCTAATCCCAGTTTG,NGN1171_S6_L001_R1_001.fastq,NGN1171_S6_L001_R2_001.fastq
7,NGN1172,MiFish-0621-4Pad-Up11-3,MiFish,A,7,UDP0007,CTAGTGCTCT,UDP0007,TGGAACAGTA,GCCGGTAAAACTCGTGCCAGC,CATAGTGGGGTATCTAATCCCAGTTTG,NGN1172_S7_L001_R1_001.fastq,NGN1172_S7_L001_R2_001.fastq
8,NGN1173,MiFish-0621-5Sqm-Up-3,MiFish,A,8,UDP0008,GATCAAGGCA,UDP0008,CCTTGTTAAT,GCCGGTAAAACTCGTGCCAGC,CATAGTGGGGTATCTAATCCCAGTTTG,NGN1173_S8_L001_R1_001.fastq,NGN1173_S8_L001_R2_001.fastq
9,NGN1174,MiFish-0621-5Sqm-Up-3-TR2,MiFish,A,9,UDP0009,GACTGAGTAG,UDP0009,GTTGATAGTG,GCCGGTAAAACTCGTGCCAGC,CATAGTGGGGTATCTAATCCCAGTTTG,NGN1174_S9_L001_R1_001.fastq,NGN1174_S9_L001_R2_001.fastq
10,NGN1175,MiFish-0621-5Sqm-Up-3-TR3,MiFish,A,10,UDP0010,AGTCAGACGA,UDP0010,ACCAGCGACA,GCCGGTAAAACTCGTGCCAGC,CATAGTGGGGTATCTAATCCCAGTTTG,NGN1175_S10_L001_R1_001.fastq,NGN1175_S10_L001_R2_001.fastq
11,NGN1176,MiFish-0721-4Pad-Dn-3,MiFish,A,11,UDP0011,CCGTATGTTC,UDP0011,CATACACTGT,GCCGGTAAAACTCGTGCCAGC,CATAGTGGGGTATCTAATCCCAGTTTG,NGN1176_S11_L001_R1_001.fastq,NGN1176_S11_L001_R2_001.fastq
12,NGN1177,MiFish-0721-4Pad-Up11-1,MiFish,A,12,UDP0012,GAGTCATAGG,UDP0012,GTGTGGCGCT,GCCGGTAAAACTCGTGCCAGC,CATAGTGGGGTATCTAATCCCAGTTTG,NGN1177_S12_L001_R1_001.fastq,NGN1177_S12_L001_R2_001.fastq
13,NGN1178,MiFish-0721-4Pad-Up11-3,MiFish,A,13,UDP0013,CTTGCCATTA,UDP0013,ATCACGAAGG,GCCGGTAAAACTCGTGCCAGC,CATAGTGGGGTATCTAATCCCAGTTTG,NGN1178_S13_L001_R1_001.fastq,NGN1178_S13_L001_R2_001.fastq
14,NGN1179,MiFish-0921-1Prt-Dn-1,MiFish,A,14,UDP0014,GAAGCGGCAC,UDP0014,CGGCTCTACT,GCCGGTAAAACTCGTGCCAGC,CATAGTGGGGTATCTAATCCCAGTTTG,NGN1179_S14_L001_R1_001.fastq,NGN1179_S14_L001_R2_001.fastq
15,NGN1180,MiFish-0921-1Prt-Dn-3,MiFish,A,15,UDP0015,TCCATTGCCG,UDP0015,GAATGCACGA,GCCGGTAAAACTCGTGCCAGC,CATAGTGGGGTATCTAATCCCAGTTTG,NGN1180_S15_L001_R1_001.fastq,NGN1180_S15_L001_R2_001.fastq
16,NGN1181,MiFish-0921-2Brn-Dn-1,MiFish,A,16,UDP0016,CGGTTACGGC,UDP0016,AAGACTATAG,GCCGGTAAAACTCGTGCCAGC,CATAGTGGGGTATCTAATCCCAGTTTG,NGN1181_S16_L001_R1_001.fastq,NGN1181_S16_L001_R2_001.fastq
17,NGN1182,MiFish-0921-2Brn-Dn-3,MiFish,A,17,UDP0017,GAGAATGGTT,UDP0017,TCGGCAGCAA,GCCGGTAAAACTCGTGCCAGC,CATAGTGGGGTATCTAATCCCAGTTTG,NGN1182_S17_L001_R1_001.fastq,NGN1182_S17_L001_R2_001.fastq
18,NGN1183,MiFish-0921-2Brn-Up-1,MiFish,A,18,UDP0018,AGAGGCAACC,UDP0018,CTAATGATGG,GCCGGTAAAACTCGTGCCAGC,CATAGTGGGGTATCTAATCCCAGTTTG,NGN1183_S18_L001_R1_001.fastq,NGN1183_S18_L001_R2_001.fastq
19,NGN1184,MiFish-0921-3Chk-Up-2,MiFish,A,19,UDP0019,CCATCATTAG,UDP0019,GGTTGCCTCT,GCCGGTAAAACTCGTGCCAGC,CATAGTGGGGTATCTAATCCCAGTTTG,NGN1184_S19_L001_R1_001.fastq,NGN1184_S19_L001_R2_001.fastq
20,NGN1185,MiFish-0921-4Pad-Dn-1,MiFish,A,20,UDP0020,GATAGGCCGA,UDP0020,CGCACATGGC,GCCGGTAAAACTCGTGCCAGC,CATAGTGGGGTATCTAATCCCAGTTTG,NGN1185_S20_L001_R1_001.fastq,NGN1185_S20_L001_R2_001.fastq
21,NGN1186,MiFish-0921-4Pad-Dn-2,MiFish,A,21,UDP0021,ATGGTTGACT,UDP0021,GGCCTGTCCT,GCCGGTAAAACTCGTGCCAGC,CATAGTGGGGTATCTAATCCCAGTTTG,NGN1186_S21_L001_R1_001.fastq,NGN1186_S21_L001_R2_001.fastq
22,NGN1187,MiFish-0921-4Pad-Dn-3,MiFish,A,22,UDP0022,TATTGCGCTC,UDP0022,CTGTGTTAGG,GCCGGTAAAACTCGTGCCAGC,CATAGTGGGGTATCTAATCCCAGTTTG,NGN1187_S22_L001_R1_001.fastq,NGN1187_S22_L001_R2_001.fastq
23,NGN1188,MiFish-0921-4Pad-Up11-2,MiFish,A,23,UDP0023,ACGCCTTGTT,UDP0023,TAAGGAACGT,GCCGGTAAAACTCGTGCCAGC,CATAGTGGGGTATCTAATCCCAGTTTG,NGN1188_S23_L001_R1_001.fastq,NGN1188_S23_L001_R2_001.fastq
24,NGN1189,MiFish-0921-4Pad-Up5-1,MiFish,A,24,UDP0024,TTCTACATAC,UDP0024,CTAACTGTAA,GCCGGTAAAACTCGTGCCAGC,CATAGTGGGGTATCTAATCCCAGTTTG,NGN1189_S24_L001_R1_001.fastq,NGN1189_S24_L001_R2_001.fastq
25,NGN1190,MiFish-1021-3Chk-Dn-3,MiFish,A,25,UDP0025,AACCATAGAA,UDP0025,GGCGAGATGG,GCCGGTAAAACTCGTGCCAGC,CATAGTGGGGTATCTAATCCCAGTTTG,NGN1190_S25_L001_R1_001.fastq,NGN1190_S25_L001_R2_001.fastq
26,NGN1191,MiFish-1021-3Chk-Dn-3-TR2,MiFish,A,26,UDP0026,GGTTGCGAGG,UDP0026,AATAGAGCAA,GCCGGTAAAACTCGTGCCAGC,CATAGTGGGGTATCTAATCCCAGTTTG,NGN1191_S26_L001_R1_001.fastq,NGN1191_S26_L001_R2_001.fastq
27,NGN1192,MiFish-1021-3Chk-Dn-3-TR3,MiFish,A,27,UDP0027,TAAGCATCCA,UDP0027,TCAATCCATT,GCCGGTAAAACTCGTGCCAGC,CATAGTGGGGTATCTAATCCCAGTTTG,NGN1192_S27_L001_R1_001.fastq,NGN1192_S27_L001_R2_001.fastq
28,NGN1193,MiFish-1121-4Pad-Up11-3,MiFish,A,28,UDP0028,ACCACGACAT,UDP0028,TCGTATGCGG,GCCGGTAAAACTCGTGCCAGC,CATAGTGGGGTATCTAATCCCAGTTTG,NGN1193_S28_L001_R1_001.fastq,NGN1193_S28_L001_R2_001.fastq
29,NGN1194,MiFish-1121-4Pad-Up5-3,MiFish,A,29,UDP0029,GCCGCACTCT,UDP0029,TCCGACCTCG,GCCGGTAAAACTCGTGCCAGC,CATAGTGGGGTATCTAATCCCAGTTTG,NGN1194_S29_L001_R1_001.fastq,NGN1194_S29_L001_R2_001.fastq
30,NGN1195,MiFish-1221-2Brn-Up-2,MiFish,A,192,UDP00192,CCGGTAACAC,UDP00192,GAGTTGTACT,GCCGGTAAAACTCGTGCCAGC,CATAGTGGGGTATCTAATCCCAGTTTG,NGN1195_S30_L001_R1_001.fastq,NGN1195_S30_L001_R2_001.fastq
31,NGN1196,MiFish-1221-3Chk-Up-3,MiFish,A,31,UDP0031,GTGACACGCA,UDP0031,GCTTACGGAC,GCCGGTAAAACTCGTGCCAGC,CATAGTGGGGTATCTAATCCCAGTTTG,NGN1196_S31_L001_R1_001.fastq,NGN1196_S31_L001_R2_001.fastq
32,NGN1197,MiFish-1221-4Pad-Dn-2,MiFish,A,32,UDP0032,ACAGTGTATG,UDP0032,GAACATACGG,GCCGGTAAAACTCGTGCCAGC,CATAGTGGGGTATCTAATCCCAGTTTG,NGN1197_S32_L001_R1_001.fastq,NGN1197_S32_L001_R2_001.fastq
33,NGN1198,MiFish-1221-5Sqm-Up-2,MiFish,A,33,UDP0033,TGATTATACG,UDP0033,GTCGATTACA,GCCGGTAAAACTCGTGCCAGC,CATAGTGGGGTATCTAATCCCAGTTTG,NGN1198_S33_L001_R1_001.fastq,NGN1198_S33_L001_R2_001.fastq
34,NGN1199,MiFish-0122-5Sqm-Up-2,MiFish,A,34,UDP0034,CAGCCGCGTA,UDP0034,ACTAGCCGTG,GCCGGTAAAACTCGTGCCAGC,CATAGTGGGGTATCTAATCCCAGTTTG,NGN1199_S34_L001_R1_001.fastq,NGN1199_S34_L001_R2_001.fastq
35,NGN1200,MiFish-0222-2Brn-Up-3,MiFish,A,35,UDP0035,GGTAACTCGC,UDP0035,AAGTTGGTGA,GCCGGTAAAACTCGTGCCAGC,CATAGTGGGGTATCTAATCCCAGTTTG,NGN1200_S35_L001_R1_001.fastq,NGN1200_S35_L001_R2_001.fastq
36,NGN1201,MiFish-0222-3Chk-Dn-3,MiFish,A,36,UDP0036,ACCGGCCGTA,UDP0036,TGGCAATATT,GCCGGTAAAACTCGTGCCAGC,CATAGTGGGGTATCTAATCCCAGTTTG,NGN1201_S36_L001_R1_001.fastq,NGN1201_S36_L001_R2_001.fastq
37,NGN1202,MiFish-0421-2Brn-Up-3-1-10,MiFish,A,37,UDP0037,TGTAATCGAC,UDP0037,GATCACCGCG,GCCGGTAAAACTCGTGCCAGC,CATAGTGGGGTATCTAATCCCAGTTTG,NGN1202_S37_L001_R1_001.fastq,NGN1202_S37_L001_R2_001.fastq
38,NGN1203,MiFish-0521-2Brn-Dn-1-1-10,MiFish,A,38,UDP0038,GTGCAGACAG,UDP0038,TACCATCCGT,GCCGGTAAAACTCGTGCCAGC,CATAGTGGGGTATCTAATCCCAGTTTG,NGN1203_S38_L001_R1_001.fastq,NGN1203_S38_L001_R2_001.fastq
39,NGN1204,MiFish-0521-2Brn-Dn-1-TR2-1-10,MiFish,A,39,UDP0039,CAATCGGCTG,UDP0039,GCTGTAGGAA,GCCGGTAAAACTCGTGCCAGC,CATAGTGGGGTATCTAATCCCAGTTTG,NGN1204_S39_L001_R1_001.fastq,NGN1204_S39_L001_R2_001.fastq
40,NGN1205,MiFish-0521-2Brn-Dn-1-TR3-1-10,MiFish,A,40,UDP0040,TATGTAGTCA,UDP0040,CGCACTAATG,GCCGGTAAAACTCGTGCCAGC,CATAGTGGGGTATCTAATCCCAGTTTG,NGN1205_S40_L001_R1_001.fastq,NGN1205_S40_L001_R2_001.fastq
41,NGN1206,MiFish-0721-4Pad-Up11-2-1-10,MiFish,A,41,UDP0041,ACTCGGCAAT,UDP0041,GACAACTGAA,GCCGGTAAAACTCGTGCCAGC,CATAGTGGGGTATCTAATCCCAGTTTG,NGN1206_S41_L001_R1_001.fastq,NGN1206_S41_L001_R2_001.fastq
42,NGN1207,MiFish-0721-4Pad-Up5-1-1-10,MiFish,A,42,UDP0042,GTCTAATGGC,UDP0042,AGTGGTCAGG,GCCGGTAAAACTCGTGCCAGC,CATAGTGGGGTATCTAATCCCAGTTTG,NGN1207_S42_L001_R1_001.fastq,NGN1207_S42_L001_R2_001.fastq
43,NGN1208,MiFish-0721-4Pad-Up5-3-1-10,MiFish,A,43,UDP0043,CCATCTCGCC,UDP0043,TTCTATGGTT,GCCGGTAAAACTCGTGCCAGC,CATAGTGGGGTATCTAATCCCAGTTTG,NGN1208_S43_L001_R1_001.fastq,NGN1208_S43_L001_R2_001.fastq
44,NGN1209,MiFish-0921-1Prt-Up-1-1-10,MiFish,A,44,UDP0044,CTGCGAGCCA,UDP0044,AATCCGGCCA,GCCGGTAAAACTCGTGCCAGC,CATAGTGGGGTATCTAATCCCAGTTTG,NGN1209_S44_L001_R1_001.fastq,NGN1209_S44_L001_R2_001.fastq
45,NGN1210,MiFish-0921-1Prt-Up-2-1-10,MiFish,A,45,UDP0045,CGTTATTCTA,UDP0045,CCATAAGGTT,GCCGGTAAAACTCGTGCCAGC,CATAGTGGGGTATCTAATCCCAGTTTG,NGN1210_S45_L001_R1_001.fastq,NGN1210_S45_L001_R2_001.fastq
46,NGN1211,MiFish-0921-4Pad-Up11-3-1-10,MiFish,A,46,UDP0046,AGATCCATTA,UDP0046,ATCTCTACCA,GCCGGTAAAACTCGTGCCAGC,CATAGTGGGGTATCTAATCCCAGTTTG,NGN1211_S46_L001_R1_001.fastq,NGN1211_S46_L001_R2_001.fastq
47,NGN1212,MiFish-0921-4Pad-Up11-3-TR2-1-10,MiFish,A,47,UDP0047,GTCCTGGATA,UDP0047,CGGTGGCGAA,GCCGGTAAAACTCGTGCCAGC,CATAGTGGGGTATCTAATCCCAGTTTG,NGN1212_S47_L001_R1_001.fastq,NGN1212_S47_L001_R2_001.fastq
48,NGN1213,MiFish-0921-4Pad-Up11-3-TR3-1-10,MiFish,A,48,UDP0048,CAGTGGCACT,UDP0048,TAACAATAGG,GCCGGTAAAACTCGTGCCAGC,CATAGTGGGGTATCTAATCCCAGTTTG,NGN1213_S48_L001_R1_001.fastq,NGN1213_S48_L001_R2_001.fastq
49,NGN1214,MiFish-1121-4Pad-Dn-2-1-10,MiFish,A,49,UDP0049,AGTGTTGCAC,UDP0049,CTGGTACACG,GCCGGTAAAACTCGTGCCAGC,CATAGTGGGGTATCTAATCCCAGTTTG,NGN1214_S49_L001_R1_001.fastq,NGN1214_S49_L001_R2_001.fastq
50,NGN1215,MiFish-1121-4Pad-Up11-1-1-10,MiFish,A,50,UDP0050,GACACCATGT,UDP0050,TCAACGTGTA,GCCGGTAAAACTCGTGCCAGC,CATAGTGGGGTATCTAATCCCAGTTTG,NGN1215_S50_L001_R1_001.fastq,NGN1215_S50_L001_R2_001.fastq
51,NGN1216,MiFish-1121-4Pad-Up5-3-TR2-1-10,MiFish,A,51,UDP0051,CCTGTCTGTC,UDP0051,ACTGTTGTGA,GCCGGTAAAACTCGTGCCAGC,CATAGTGGGGTATCTAATCCCAGTTTG,NGN1216_S51_L001_R1_001.fastq,NGN1216_S51_L001_R2_001.fastq
52,NGN1217,MiFish-1121-4Pad-Up5-3-TR3-1-10,MiFish,A,52,UDP0052,TGATGTAAGA,UDP0052,GTGCGTCCTT,GCCGGTAAAACTCGTGCCAGC,CATAGTGGGGTATCTAATCCCAGTTTG,NGN1217_S52_L001_R1_001.fastq,NGN1217_S52_L001_R2_001.fastq
53,NGN1218,MiFish-0122-1Prt-Dn-3-1-10,MiFish,A,53,UDP0053,GGAATTGTAA,UDP0053,AGCACATCCT,GCCGGTAAAACTCGTGCCAGC,CATAGTGGGGTATCTAATCCCAGTTTG,NGN1218_S53_L001_R1_001.fastq,NGN1218_S53_L001_R2_001.fastq
54,NGN1219,MiFish-0122-1Prt-Dn-3-TR2-1-10,MiFish,A,54,UDP0054,GCATAAGCTT,UDP0054,TTCCGTCGCA,GCCGGTAAAACTCGTGCCAGC,CATAGTGGGGTATCTAATCCCAGTTTG,NGN1219_S54_L001_R1_001.fastq,NGN1219_S54_L001_R2_001.fastq
55,NGN1220,MiFish-0122-1Prt-Dn-3-TR3-1-10,MiFish,A,55,UDP0055,CTGAGGAATA,UDP0055,CTTAACCACT,GCCGGTAAAACTCGTGCCAGC,CATAGTGGGGTATCTAATCCCAGTTTG,NGN1220_S55_L001_R1_001.fastq,NGN1220_S55_L001_R2_001.fastq
56,NGN1221,MiFish-0122-1Prt-Up-1,MiFish,A,56,UDP0056,AACGCACGAG,UDP0056,GCCTCGGATA,GCCGGTAAAACTCGTGCCAGC,CATAGTGGGGTATCTAATCCCAGTTTG,NGN1221_S56_L001_R1_001.fastq,NGN1221_S56_L001_R2_001.fastq
57,NGN1222,MiFish-Kangaroo,MiFish,A,57,UDP0057,TCTATCCTAA,UDP0057,CGTCGACTGG,GCCGGTAAAACTCGTGCCAGC,CATAGTGGGGTATCTAATCCCAGTTTG,NGN1222_S57_L001_R1_001.fastq,NGN1222_S57_L001_R2_001.fastq
58,NGN1223,MC1-Even-Tissue-noGB-1,MiFish,A,58,UDP0058,CTCGCTTCGG,UDP0058,TACTAGTCAA,GCCGGTAAAACTCGTGCCAGC,CATAGTGGGGTATCTAATCCCAGTTTG,NGN1223_S58_L001_R1_001.fastq,NGN1223_S58_L001_R2_001.fastq
59,NGN1224,MC1-Even-Tissue-noGB-2,MiFish,A,59,UDP0059,CTGTTGGTCC,UDP0059,ATAGACCGTT,GCCGGTAAAACTCGTGCCAGC,CATAGTGGGGTATCTAATCCCAGTTTG,NGN1224_S59_L001_R1_001.fastq,NGN1224_S59_L001_R2_001.fastq
60,NGN1225,MC1-Even-Tissue-noGB-3,MiFish,A,60,UDP0060,TTACCTGGAA,UDP0060,ACAGTTCCAG,GCCGGTAAAACTCGTGCCAGC,CATAGTGGGGTATCTAATCCCAGTTTG,NGN1225_S60_L001_R1_001.fastq,NGN1225_S60_L001_R2_001.fastq
61,NGN1226,MC1-Even-Tissue-GB-1,MiFish,A,61,UDP0061,TGGCTAATCA,UDP0061,AGGCATGTAG,GCCGGTAAAACTCGTGCCAGC,CATAGTGGGGTATCTAATCCCAGTTTG,NGN1226_S61_L001_R1_001.fastq,NGN1226_S61_L001_R2_001.fastq
62,NGN1227,MC1-Even-Tissue-GB-2,MiFish,A,62,UDP0062,AACACTGTTA,UDP0062,GCAAGTCTCA,GCCGGTAAAACTCGTGCCAGC,CATAGTGGGGTATCTAATCCCAGTTTG,NGN1227_S62_L001_R1_001.fastq,NGN1227_S62_L001_R2_001.fastq
63,NGN1228,MC1-Even-Tissue-GB-3,MiFish,A,63,UDP0063,ATTGCGCGGT,UDP0063,TTGGCTCCGC,GCCGGTAAAACTCGTGCCAGC,CATAGTGGGGTATCTAATCCCAGTTTG,NGN1228_S63_L001_R1_001.fastq,NGN1228_S63_L001_R2_001.fastq
64,NGN1229,MC1-Skew-Tissue-noGB-1,MiFish,A,64,UDP0064,TGGCGCGAAC,UDP0064,AACTGATACT,GCCGGTAAAACTCGTGCCAGC,CATAGTGGGGTATCTAATCCCAGTTTG,NGN1229_S64_L001_R1_001.fastq,NGN1229_S64_L001_R2_001.fastq
65,NGN1230,MC1-Skew-Tissue-noGB-2,MiFish,A,65,UDP0065,TAATGTGTCT,UDP0065,GTAAGGCATA,GCCGGTAAAACTCGTGCCAGC,CATAGTGGGGTATCTAATCCCAGTTTG,NGN1230_S65_L001_R1_001.fastq,NGN1230_S65_L001_R2_001.fastq
66,NGN1231,MC1-Skew-Tissue-noGB-3,MiFish,A,66,UDP0066,ATACCAACGC,UDP0066,AATTGCTGCG,GCCGGTAAAACTCGTGCCAGC,CATAGTGGGGTATCTAATCCCAGTTTG,NGN1231_S66_L001_R1_001.fastq,NGN1231_S66_L001_R2_001.fastq
67,NGN1232,MC2-Even-Tissue-noGB-1,MiFish,A,67,UDP0067,AGGATGTGCT,UDP0067,TTACAATTCC,GCCGGTAAAACTCGTGCCAGC,CATAGTGGGGTATCTAATCCCAGTTTG,NGN1232_S67_L001_R1_001.fastq,NGN1232_S67_L001_R2_001.fastq
68,NGN1233,MC2-Even-Tissue-noGB-2,MiFish,A,68,UDP0068,CACGGAACAA,UDP0068,AACCTAGCAC,GCCGGTAAAACTCGTGCCAGC,CATAGTGGGGTATCTAATCCCAGTTTG,NGN1233_S68_L001_R1_001.fastq,NGN1233_S68_L001_R2_001.fastq
69,NGN1234,MC2-Even-Tissue-noGB-3,MiFish,A,69,UDP0069,TGGAGTACTT,UDP0069,TCTGTGTGGA,GCCGGTAAAACTCGTGCCAGC,CATAGTGGGGTATCTAATCCCAGTTTG,NGN1234_S69_L001_R1_001.fastq,NGN1234_S69_L001_R2_001.fastq
70,NGN1235,MC2-Even-Tissue-GB-1,MiFish,A,70,UDP0070,GTATTGACGT,UDP0070,GGAATTCCAA,GCCGGTAAAACTCGTGCCAGC,CATAGTGGGGTATCTAATCCCAGTTTG,NGN1235_S70_L001_R1_001.fastq,NGN1235_S70_L001_R2_001.fastq
71,NGN1236,MC2-Even-Tissue-GB-2,MiFish,A,71,UDP0071,CTTGTACACC,UDP0071,AAGCGCGCTT,GCCGGTAAAACTCGTGCCAGC,CATAGTGGGGTATCTAATCCCAGTTTG,NGN1236_S71_L001_R1_001.fastq,NGN1236_S71_L001_R2_001.fastq
72,NGN1237,MC2-Even-Tissue-GB-3,MiFish,A,72,UDP0072,ACACAGGTGG,UDP0072,TGAGCGTTGT,GCCGGTAAAACTCGTGCCAGC,CATAGTGGGGTATCTAATCCCAGTTTG,NGN1237_S72_L001_R1_001.fastq,NGN1237_S72_L001_R2_001.fastq
73,NGN1238,MC2-Skew-Tissue-noGB-1,MiFish,A,73,UDP0073,CCTGCGGAAC,UDP0073,ATCATAGGCT,GCCGGTAAAACTCGTGCCAGC,CATAGTGGGGTATCTAATCCCAGTTTG,NGN1238_S73_L001_R1_001.fastq,NGN1238_S73_L001_R2_001.fastq
74,NGN1239,MC2-Skew-Tissue-noGB-2,MiFish,A,74,UDP0074,TTCATAAGGT,UDP0074,TGTTAGAAGG,GCCGGTAAAACTCGTGCCAGC,CATAGTGGGGTATCTAATCCCAGTTTG,NGN1239_S74_L001_R1_001.fastq,NGN1239_S74_L001_R2_001.fastq
75,NGN1240,MC2-Skew-Tissue-noGB-3,MiFish,A,75,UDP0075,CTCTGCAGCG,UDP0075,GATGGATGTA,GCCGGTAAAACTCGTGCCAGC,CATAGTGGGGTATCTAATCCCAGTTTG,NGN1240_S75_L001_R1_001.fastq,NGN1240_S75_L001_R2_001.fastq
76,NGN1241,MC3-Even-Tissue-noGB-1,MiFish,A,76,UDP0076,CTGACTCTAC,UDP0076,ACGGCCGTCA,GCCGGTAAAACTCGTGCCAGC,CATAGTGGGGTATCTAATCCCAGTTTG,NGN1241_S76_L001_R1_001.fastq,NGN1241_S76_L001_R2_001.fastq
77,NGN1242,MC3-Even-Tissue-noGB-2,MiFish,A,77,UDP0077,TCTGGTATCC,UDP0077,CGTTGCTTAC,GCCGGTAAAACTCGTGCCAGC,CATAGTGGGGTATCTAATCCCAGTTTG,NGN1242_S77_L001_R1_001.fastq,NGN1242_S77_L001_R2_001.fastq
78,NGN1243,MC3-Even-Tissue-noGB-3,MiFish,A,78,UDP0078,CATTAGTGCG,UDP0078,TGACTACATA,GCCGGTAAAACTCGTGCCAGC,CATAGTGGGGTATCTAATCCCAGTTTG,NGN1243_S78_L001_R1_001.fastq,NGN1243_S78_L001_R2_001.fastq
79,NGN1244,MC3-Even-Tissue-GB-1,MiFish,A,79,UDP0079,ACGGTCAGGA,UDP0079,CGGCCTCGTT,GCCGGTAAAACTCGTGCCAGC,CATAGTGGGGTATCTAATCCCAGTTTG,NGN1244_S79_L001_R1_001.fastq,NGN1244_S79_L001_R2_001.fastq
80,NGN1245,MC3-Even-Tissue-GB-2,MiFish,A,80,UDP0080,GGCAAGCCAG,UDP0080,CAAGCATCCG,GCCGGTAAAACTCGTGCCAGC,CATAGTGGGGTATCTAATCCCAGTTTG,NGN1245_S80_L001_R1_001.fastq,NGN1245_S80_L001_R2_001.fastq
81,NGN1246,MC3-Even-Tissue-GB-3,MiFish,A,81,UDP0081,TGTCGCTGGT,UDP0081,TCGTCTGACT,GCCGGTAAAACTCGTGCCAGC,CATAGTGGGGTATCTAATCCCAGTTTG,NGN1246_S81_L001_R1_001.fastq,NGN1246_S81_L001_R2_001.fastq
82,NGN1247,MC3-Skew-Tissue-noGB-1,MiFish,A,82,UDP0082,ACCGTTACAA,UDP0082,CTCATAGCGA,GCCGGTAAAACTCGTGCCAGC,CATAGTGGGGTATCTAATCCCAGTTTG,NGN1247_S82_L001_R1_001.fastq,NGN1247_S82_L001_R2_001.fastq
83,NGN1248,MC3-Skew-Tissue-noGB-2,MiFish,A,83,UDP0083,TATGCCTTAC,UDP0083,AGACACATTA,GCCGGTAAAACTCGTGCCAGC,CATAGTGGGGTATCTAATCCCAGTTTG,NGN1248_S83_L001_R1_001.fastq,NGN1248_S83_L001_R2_001.fastq
84,NGN1249,MC3-Skew-Tissue-noGB-3,MiFish,A,84,UDP0084,ACAAGTGGAC,UDP0084,GCGCGATGTT,GCCGGTAAAACTCGTGCCAGC,CATAGTGGGGTATCTAATCCCAGTTTG,NGN1249_S84_L001_R1_001.fastq,NGN1249_S84_L001_R2_001.fastq
85,NGN1250,MC1-Even-Amplicon-noGB-1,MiFish,A,85,UDP0085,TGGTACCTAA,UDP0085,CATGAGTACT,GCCGGTAAAACTCGTGCCAGC,CATAGTGGGGTATCTAATCCCAGTTTG,NGN1250_S85_L001_R1_001.fastq,NGN1250_S85_L001_R2_001.fastq
86,NGN1251,MC1-Even-Amplicon-noGB-2,MiFish,A,86,UDP0086,TTGGAATTCC,UDP0086,ACGTCAATAC,GCCGGTAAAACTCGTGCCAGC,CATAGTGGGGTATCTAATCCCAGTTTG,NGN1251_S86_L001_R1_001.fastq,NGN1251_S86_L001_R2_001.fastq
87,NGN1252,MC1-Even-Amplicon-noGB-3,MiFish,A,87,UDP0087,CCTCTACATG,UDP0087,GATACCTCCT,GCCGGTAAAACTCGTGCCAGC,CATAGTGGGGTATCTAATCCCAGTTTG,NGN1252_S87_L001_R1_001.fastq,NGN1252_S87_L001_R2_001.fastq
88,NGN1253,MC1-Even-Amplicon-GB-1,MiFish,A,88,UDP0088,GGAGCGTGTA,UDP0088,ATCCGTAAGT,GCCGGTAAAACTCGTGCCAGC,CATAGTGGGGTATCTAATCCCAGTTTG,NGN1253_S88_L001_R1_001.fastq,NGN1253_S88_L001_R2_001.fastq
89,NGN1254,MC1-Even-Amplicon-GB-2,MiFish,A,89,UDP0089,GTCCGTAAGC,UDP0089,CGTGTATCTT,GCCGGTAAAACTCGTGCCAGC,CATAGTGGGGTATCTAATCCCAGTTTG,NGN1254_S89_L001_R1_001.fastq,NGN1254_S89_L001_R2_001.fastq
90,NGN1255,MC1-Even-Amplicon-GB-3,MiFish,A,90,UDP0090,ACTTCAAGCG,UDP0090,GAACCATGAA,GCCGGTAAAACTCGTGCCAGC,CATAGTGGGGTATCTAATCCCAGTTTG,NGN1255_S90_L001_R1_001.fastq,NGN1255_S90_L001_R2_001.fastq
91,NGN1256,MC1-Skew-Amplicon-noGB-1,MiFish,A,91,UDP0091,TCAGAAGGCG,UDP0091,GGCCATCATA,GCCGGTAAAACTCGTGCCAGC,CATAGTGGGGTATCTAATCCCAGTTTG,NGN1256_S91_L001_R1_001.fastq,NGN1256_S91_L001_R2_001.fastq
92,NGN1257,MC1-Skew-Amplicon-noGB-2,MiFish,A,92,UDP0092,GCGTTGGTAT,UDP0092,ACATACTTCC,GCCGGTAAAACTCGTGCCAGC,CATAGTGGGGTATCTAATCCCAGTTTG,NGN1257_S92_L001_R1_001.fastq,NGN1257_S92_L001_R2_001.fastq
93,NGN1258,MC1-Skew-Amplicon-noGB-3,MiFish,A,93,UDP0093,ACATATCCAG,UDP0093,TATGTGCAAT,GCCGGTAAAACTCGTGCCAGC,CATAGTGGGGTATCTAATCCCAGTTTG,NGN1258_S93_L001_R1_001.fastq,NGN1258_S93_L001_R2_001.fastq
94,NGN1259,MC2-Even-Amplicon-noGB-1,MiFish,A,94,UDP0094,TCATAGATTG,UDP0094,GATTAAGGTG,GCCGGTAAAACTCGTGCCAGC,CATAGTGGGGTATCTAATCCCAGTTTG,NGN1259_S94_L001_R1_001.fastq,NGN1259_S94_L001_R2_001.fastq
95,NGN1260,MC2-Even-Amplicon-noGB-2,MiFish,A,95,UDP0095,GTATTCCACC,UDP0095,ATGTAGACAA,GCCGGTAAAACTCGTGCCAGC,CATAGTGGGGTATCTAATCCCAGTTTG,NGN1260_S95_L001_R1_001.fastq,NGN1260_S95_L001_R2_001.fastq
96,NGN1261,MC2-Even-Amplicon-noGB-3,MiFish,A,96,UDP0096,CCTCCGTCCA,UDP0096,CACATCGGTG,GCCGGTAAAACTCGTGCCAGC,CATAGTGGGGTATCTAATCCCAGTTTG,NGN1261_S96_L001_R1_001.fastq,NGN1261_S96_L001_R2_001.fastq
97,NGN1262,MC2-Even-Amplicon-GB-1,MiFish,B,97,UDP0097,TGCCGGTCAG,UDP0097,CCTGATACAA,GCCGGTAAAACTCGTGCCAGC,CATAGTGGGGTATCTAATCCCAGTTTG,NGN1262_S97_L001_R1_001.fastq,NGN1262_S97_L001_R2_001.fastq
98,NGN1263,MC2-Even-Amplicon-GB-2,MiFish,B,98,UDP0098,CACTCAATTC,UDP0098,TTAAGTTGTG,GCCGGTAAAACTCGTGCCAGC,CATAGTGGGGTATCTAATCCCAGTTTG,NGN1263_S98_L001_R1_001.fastq,NGN1263_S98_L001_R2_001.fastq
99,NGN1264,MC2-Even-Amplicon-GB-3,MiFish,B,99,UDP0099,TCTCACACGC,UDP0099,CGGACAGTGA,GCCGGTAAAACTCGTGCCAGC,CATAGTGGGGTATCTAATCCCAGTTTG,NGN1264_S99_L001_R1_001.fastq,NGN1264_S99_L001_R2_001.fastq
100,NGN1265,MC2-Skew-Amplicon-noGB-1,MiFish,B,100,UDP0100,TCAATGGAGA,UDP0100,GCACTACAAC,GCCGGTAAAACTCGTGCCAGC,CATAGTGGGGTATCTAATCCCAGTTTG,NGN1265_S100_L001_R1_001.fastq,NGN1265_S100_L001_R2_001.fastq
101,NGN1266,MC2-Skew-Amplicon-noGB-2,MiFish,B,101,UDP0101,ATATGCATGT,UDP0101,TGGTGCCTGG,GCCGGTAAAACTCGTGCCAGC,CATAGTGGGGTATCTAATCCCAGTTTG,NGN1266_S101_L001_R1_001.fastq,NGN1266_S101_L001_R2_001.fastq
102,NGN1267,MC2-Skew-Amplicon-noGB-3,MiFish,B,102,UDP0102,ATGGCGCCTG,UDP0102,TCCACGGCCT,GCCGGTAAAACTCGTGCCAGC,CATAGTGGGGTATCTAATCCCAGTTTG,NGN1267_S102_L001_R1_001.fastq,NGN1267_S102_L001_R2_001.fastq
103,NGN1268,MC3-Even-Amplicon-noGB-1,MiFish,B,103,UDP0103,TCCGTTATGT,UDP0103,TTGTAGTGTA,GCCGGTAAAACTCGTGCCAGC,CATAGTGGGGTATCTAATCCCAGTTTG,NGN1268_S103_L001_R1_001.fastq,NGN1268_S103_L001_R2_001.fastq
104,NGN1269,MC3-Even-Amplicon-noGB-2,MiFish,B,104,UDP0104,GGTCTATTAA,UDP0104,CCACGACACG,GCCGGTAAAACTCGTGCCAGC,CATAGTGGGGTATCTAATCCCAGTTTG,NGN1269_S104_L001_R1_001.fastq,NGN1269_S104_L001_R2_001.fastq
105,NGN1270,MC3-Even-Amplicon-noGB-3,MiFish,B,105,UDP0105,CAGCAATCGT,UDP0105,TGTGATGTAT,GCCGGTAAAACTCGTGCCAGC,CATAGTGGGGTATCTAATCCCAGTTTG,NGN1270_S105_L001_R1_001.fastq,NGN1270_S105_L001_R2_001.fastq
106,NGN1271,MC3-Even-Amplicon-GB-1,MiFish,B,106,UDP0106,TTCTGTAGAA,UDP0106,GAGCGCAATA,GCCGGTAAAACTCGTGCCAGC,CATAGTGGGGTATCTAATCCCAGTTTG,NGN1271_S106_L001_R1_001.fastq,NGN1271_S106_L001_R2_001.fastq
107,NGN1272,MC3-Even-Amplicon-GB-2,MiFish,B,107,UDP0107,GAACGCAATA,UDP0107,ATCTTACTGT,GCCGGTAAAACTCGTGCCAGC,CATAGTGGGGTATCTAATCCCAGTTTG,NGN1272_S107_L001_R1_001.fastq,NGN1272_S107_L001_R2_001.fastq
108,NGN1273,MC3-Even-Amplicon-GB-3,MiFish,B,108,UDP0108,AGTACTCATG,UDP0108,ATGTCGTGGT,GCCGGTAAAACTCGTGCCAGC,CATAGTGGGGTATCTAATCCCAGTTTG,NGN1273_S108_L001_R1_001.fastq,NGN1273_S108_L001_R2_001.fastq
109,NGN1274,MC3-Skew-Amplicon-noGB-1,MiFish,B,109,UDP0109,GGTAGAATTA,UDP0109,GTAGCCATCA,GCCGGTAAAACTCGTGCCAGC,CATAGTGGGGTATCTAATCCCAGTTTG,NGN1274_S109_L001_R1_001.fastq,NGN1274_S109_L001_R2_001.fastq
110,NGN1275,MC3-Skew-Amplicon-noGB-2,MiFish,B,110,UDP0110,TAATTAGCGT,UDP0110,TGGTTAAGAA,GCCGGTAAAACTCGTGCCAGC,CATAGTGGGGTATCTAATCCCAGTTTG,NGN1275_S110_L001_R1_001.fastq,NGN1275_S110_L001_R2_001.fastq
111,NGN1276,MC3-Skew-Amplicon-noGB-3,MiFish,B,111,UDP0111,ATTAACAAGG,UDP0111,TGTTGTTCGT,GCCGGTAAAACTCGTGCCAGC,CATAGTGGGGTATCTAATCCCAGTTTG,NGN1276_S111_L001_R1_001.fastq,NGN1276_S111_L001_R2_001.fastq